{
  "run_id": "gru_h21_inverse",
  "prediction_dist": {
    "down": 0.54634528456955,
    "flat": 0.25168224779124715,
    "up": 0.2019724676392028
  },
  "true_dist_val": {
    "down": 0.25593281282103963,
    "flat": 0.41935483870967744,
    "up": 0.32471234846928293
  },
  "mean_softmax": {
    "down": 0.40602239966392517,
    "flat": 0.34276601672172546,
    "up": 0.25121161341667175
  },
  "confusion_matrix": {
    "down": {
      "down": 9733,
      "flat": 5002,
      "up": 5195
    },
    "flat": {
      "down": 17884,
      "flat": 9350,
      "up": 5422
    },
    "up": {
      "down": 14928,
      "flat": 5247,
      "up": 5111
    }
  },
  "confidence_buckets": {
    ">=0.4": {
      "n": 50661,
      "acc": 0.2473500325694321,
      "inverted_acc": 0.34257120862201695
    },
    ">=0.5": {
      "n": 32049,
      "acc": 0.2221286155574277,
      "inverted_acc": 0.3444725264438828
    },
    ">=0.6": {
      "n": 17046,
      "acc": 0.17622902733779186,
      "inverted_acc": 0.37709726622081424
    },
    ">=0.7": {
      "n": 5872,
      "acc": 0.138283378746594,
      "inverted_acc": 0.4490803814713896
    }
  },
  "overall_accuracy": 0.31068933634682555,
  "overall_inverted_acc": 0.3784800698582289
}