{
  "run_id": "pointwise_h21_none",
  "prediction_dist": {
    "down": 0.2764921923155948,
    "flat": 0.5332982329977399,
    "up": 0.1902095746866653
  },
  "true_dist_val": {
    "down": 0.25593281282103963,
    "flat": 0.41935483870967744,
    "up": 0.32471234846928293
  },
  "mean_softmax": {
    "down": 0.31553155183792114,
    "flat": 0.40710532665252686,
    "up": 0.277363121509552
  },
  "confusion_matrix": {
    "down": {
      "down": 5114,
      "flat": 9734,
      "up": 5082
    },
    "flat": {
      "down": 9159,
      "flat": 18710,
      "up": 4787
    },
    "up": {
      "down": 7258,
      "flat": 13085,
      "up": 4943
    }
  },
  "confidence_buckets": {
    ">=0.4": {
      "n": 31542,
      "acc": 0.26818210639781875,
      "inverted_acc": 0.3416080147105447
    },
    ">=0.5": {
      "n": 12205,
      "acc": 0.2579270790659566,
      "inverted_acc": 0.32634166325276526
    },
    ">=0.6": {
      "n": 2624,
      "acc": 0.22217987804878048,
      "inverted_acc": 0.328125
    },
    ">=0.7": {
      "n": 303,
      "acc": 0.1551155115511551,
      "inverted_acc": 0.38613861386138615
    }
  },
  "overall_accuracy": 0.36941391000616397,
  "overall_inverted_acc": 0.3987312512841586
}