{
  "run_id": "gru_h21_none",
  "prediction_dist": {
    "down": 0.11538165194164783,
    "flat": 0.5913935689336347,
    "up": 0.2932247791247175
  },
  "true_dist_val": {
    "down": 0.25593281282103963,
    "flat": 0.41935483870967744,
    "up": 0.32471234846928293
  },
  "mean_softmax": {
    "down": 0.21519410610198975,
    "flat": 0.4520845413208008,
    "up": 0.3327213525772095
  },
  "confusion_matrix": {
    "down": {
      "down": 2635,
      "flat": 11517,
      "up": 5778
    },
    "flat": {
      "down": 3353,
      "flat": 21166,
      "up": 8137
    },
    "up": {
      "down": 2997,
      "flat": 13370,
      "up": 8919
    }
  },
  "confidence_buckets": {
    ">=0.4": {
      "n": 29273,
      "acc": 0.36610528473337206,
      "inverted_acc": 0.27335770163632017
    },
    ">=0.5": {
      "n": 16643,
      "acc": 0.3793186324580905,
      "inverted_acc": 0.2750105149312023
    },
    ">=0.6": {
      "n": 6117,
      "acc": 0.39022396599640347,
      "inverted_acc": 0.29033840117704757
    },
    ">=0.7": {
      "n": 1617,
      "acc": 0.3246753246753247,
      "inverted_acc": 0.3877551020408163
    }
  },
  "overall_accuracy": 0.4201767002260119,
  "overall_inverted_acc": 0.3844899321964249
}